{"iterations": 499, "learning_rate": 0.09458575879581772, "min_child_weight": 5.432477204570229, "subsample": 0.4074379558339283, "colsample_bytree": 0.3276370922935935}