{"iterations": 121, "learning_rate": 0.08293834242555152, "min_child_weight": 1.4046719971724793, "subsample": 0.7100212020087066, "colsample_bytree": 0.09241898169454678}