{"iterations": 797, "learning_rate": 0.04935774083802302, "min_child_weight": 5.430717777009292, "subsample": 0.016473443611766753, "colsample_bytree": 0.4447587276139258}